<text id="1">
<raw>
Boy dies
</raw>
</text>
<text id="2">
<raw>
Indonesia has the highest human death toll from bird flu of any nation, and on Wednesday that number grew to 58 when a boy, from Tangerang near Jakarta, died, said the head of the Indonesian health ministry�s bird flu center Runizar Ruesin.
</raw>
</text>
<text id="21">
<raw>
The World Health Organization said that by Nov. 13, there had been 258 cases of human infection of the H5N1 strain since 2003, killing 153 people. Many of the victims were Asians, with 98 deaths in Vietnam and Indonesia, WHO said.
</raw>
</text>
